Id,Layer,Path,CreatedDate,CreatedUser,CreatedUserId,ModifiedDate,ModifiedUser,ModifiedUserId,Title,Description,tenbenhvien,hinhthuctochuc,giayphep,ngaycap,diachi,quanhuyen,phuongxa,vitri,ghichu,dienthoai,chuyenmon
4ebb80bb-3abd-45f5-9d3e-578a268331d2,ICTHCM_BENHVIEN,/root/vdms/tangthu/data/gisp/icthcm/customdata/icthcm_benhvien/77b2ad37-030c-4777-a5d8-dd0faeefca9d,2023-08-07T02:52:53.000Z,admin,2,2023-08-07T02:52:53.000Z,admin,2,Bệnh viện Ung Bướu,dataexport_8_7_2023_9_11 am.xlsx,Bệnh viện Ung Bướu,,,0001-01-01T00:00:00Z,"6 Nguyễn Huy Lượng, Phường 14, Quận Bình Thạnh",,,"{""type"":""Point"",""coordinates"":[106.695346,10.805408]}",,,
771db1ef-0540-47e4-955e-7cedd092d4fd,ICTHCM_BENHVIEN,/root/vdms/tangthu/data/gisp/icthcm/customdata/icthcm_benhvien/82c845d9-d8b8-4396-bcfb-40e99df52d98,2023-08-07T02:52:57.000Z,admin,2,2023-08-07T02:52:57.000Z,admin,2,Bệnh viện Nguyễn Trãi,dataexport_8_7_2023_9_11 am.xlsx,Bệnh viện Nguyễn Trãi,,,0001-01-01T00:00:00Z,"314 Nguyễn Trãi, Phường 8, Quận 5",,,"{""type"":""Point"",""coordinates"":[106.675055,10.755933]}",,,
5e22df5a-af93-4780-9e3a-feac5da2eae9,ICTHCM_BENHVIEN,/root/vdms/tangthu/data/gisp/icthcm/customdata/icthcm_benhvien/2e64685d-a8e1-4e84-8ed4-255dc9a71b62,2023-08-07T02:53:03.000Z,admin,2,2023-08-07T02:53:03.000Z,admin,2,Bệnh viện Quận Bình Tân,dataexport_8_7_2023_9_11 am.xlsx,Bệnh viện Quận Bình Tân,,,0001-01-01T00:00:00Z,"809 Hương Lộ 2, phường Bình Trị Đông A, Quận Bình Tân",,,"{""type"":""Point"",""coordinates"":[106.603075952232,10.7648521038347]}",,,
c8b5b612-132f-4364-96ad-3c7488283d4d,ICTHCM_BENHVIEN,/root/vdms/tangthu/data/gisp/icthcm/customdata/icthcm_benhvien/ff3e4d4b-b923-406e-b4d0-1cdfcb827b10,2023-08-07T02:53:06.000Z,admin,2,2023-08-07T02:53:06.000Z,admin,2,Bệnh viện Gia An 115,dataexport_8_7_2023_9_11 am.xlsx,Bệnh viện Gia An 115,,,0001-01-01T00:00:00Z,"Số 5 đường số 17A, Phường Bình Trị Đông B, Quận Bình Tân",,,"{""type"":""Point"",""coordinates"":[106.607605218887,10.7406395887292]}",,,
547ac389-b0e1-486c-8164-c5210b4c91dc,ICTHCM_BENHVIEN,/root/vdms/tangthu/data/gisp/icthcm/customdata/icthcm_benhvien/12471c46-b1f5-444b-98f5-e14e3ba1adf9,2023-08-07T02:53:08.000Z,admin,2,2023-08-07T02:53:08.000Z,admin,2,Bệnh viện Đa Khoa Tân Hưng,dataexport_8_7_2023_9_11 am.xlsx,Bệnh viện Đa Khoa Tân Hưng,,,0001-01-01T00:00:00Z,"871 Trần Xuân Soạn, Phường Tân Hưng, Quận 7",,,"{""type"":""Point"",""coordinates"":[106.696358579175,10.7516686510015]}",,,
d645d96b-9b72-48f5-ae6f-411123e1eea2,ICTHCM_BENHVIEN,/root/vdms/tangthu/data/gisp/icthcm/customdata/icthcm_benhvien/c47946e7-fbab-4aa3-88e3-f28450cf0df5,2023-08-07T02:53:15.000Z,admin,2,2023-08-07T02:53:15.000Z,admin,2,Bệnh viện Thẩm mỹ KoreanStar Sao Hàn,dataexport_8_7_2023_9_11 am.xlsx,Bệnh viện Thẩm mỹ KoreanStar Sao Hàn,,,0001-01-01T00:00:00Z,"781 C9 Lê Hồng Phong, Phường 12, Quận 10",,,"{""type"":""Point"",""coordinates"":[106.672161,10.772395]}",,,
6fdaee0c-d816-449a-ae8e-978443698873,ICTHCM_BENHVIEN,/root/vdms/tangthu/data/gisp/icthcm/customdata/icthcm_benhvien/80dc30b7-b213-459e-ba33-422b4da991d2,2023-08-07T02:53:16.000Z,admin,2,2023-08-07T02:53:16.000Z,admin,2,Bệnh viện Quốc tế City,dataexport_8_7_2023_9_11 am.xlsx,Bệnh viện Quốc tế City,,,0001-01-01T00:00:00Z,"3 đường số 17A, Phường Bình Trị Đông B, Quận Bình Tân",,,"{""type"":""Point"",""coordinates"":[106.608962416649,10.7417490138956]}",,,
776a5419-cbf7-46b2-b9e6-da603784fe10,ICTHCM_BENHVIEN,/root/vdms/tangthu/data/gisp/icthcm/customdata/icthcm_benhvien/e5ca8030-b2d4-4dd4-8774-4c9e6bf1b00c,2023-08-07T02:53:17.000Z,admin,2,2023-08-07T02:53:17.000Z,admin,2,Bệnh viện Phẫu thuật thẩm mỹ - Răng hàm mặt Worldwide tp.HCM,dataexport_8_7_2023_9_11 am.xlsx,Bệnh viện Phẫu thuật thẩm mỹ - Răng hàm mặt Worldwide tp.HCM,,,0001-01-01T00:00:00Z,"244A Cống Huỳnh, Phường Phạm Ngũ Lão, Quận 1",,,"{""type"":""Point"",""coordinates"":[106.689536,10.766188]}",,,
aed43ab5-cfa2-48a6-89a3-d7e3c59d4487,ICTHCM_BENHVIEN,/root/vdms/tangthu/data/gisp/icthcm/customdata/icthcm_benhvien/b6025b8d-d77e-4dc0-a15f-5e3b573c4696,2023-08-07T02:53:18.000Z,admin,2,2023-08-07T02:53:18.000Z,admin,2,Bệnh viện Gaya Việt - Hàn,dataexport_8_7_2023_9_11 am.xlsx,Bệnh viện Gaya Việt - Hàn,,,0001-01-01T00:00:00Z,"23-23A Trương Công Định, Phường 13, Quận Tân Bình",,,"{""type"":""Point"",""coordinates"":[106.639706,10.803735]}",,,
b03b1f57-023c-4be0-afa0-84a8ac36fc8a,ICTHCM_BENHVIEN,/root/vdms/tangthu/data/gisp/icthcm/customdata/icthcm_benhvien/ef27c50d-a45a-4ed9-b7e9-7ec96701d5d4,2023-08-07T02:53:20.000Z,admin,2,2023-08-07T02:53:20.000Z,admin,2,Bệnh viện Thẩm Mỹ Kỳ Hòa - MEDIKA,dataexport_8_7_2023_9_11 am.xlsx,Bệnh viện Thẩm Mỹ Kỳ Hòa - MEDIKA,,,0001-01-01T00:00:00Z,"262 Đường 3/2 Phường 12, Quận 10",,,"{""type"":""Point"",""coordinates"":[106.672407,10.770723]}",,,
f6d1cff4-5ef3-4ecc-9aee-fe578074e7c6,ICTHCM_BENHVIEN,/root/vdms/tangthu/data/gisp/icthcm/customdata/icthcm_benhvien/98207305-9dc7-4122-8370-6c762a0ee325,2023-08-07T02:53:20.000Z,admin,2,2023-08-07T02:53:20.000Z,admin,2,Bệnh viện Bưu Điện Thành phố,dataexport_8_7_2023_9_11 am.xlsx,Bệnh viện Bưu Điện Thành phố,,,0001-01-01T00:00:00Z,"Lô 9B, Thành Thái, Phường 15, Quận 10",,,"{""type"":""Point"",""coordinates"":[106.66107988,10.778804427]}",,,
1b2a756f-78a8-4a7e-aaaa-edbf0cf33309,ICTHCM_BENHVIEN,/root/vdms/tangthu/data/gisp/icthcm/customdata/icthcm_benhvien/b1725801-154f-4d89-90ce-8c8fef6d0c46,2023-08-07T02:53:20.000Z,admin,2,2023-08-07T02:53:20.000Z,admin,2,Bệnh viện Công An,dataexport_8_7_2023_9_11 am.xlsx,Bệnh viện Công An,,,0001-01-01T00:00:00Z,"126 Hải Thượng Lãn Ông, Phường 10, Quận 5",,,"{""type"":""Point"",""coordinates"":[106.660798,10.750955]}",,,
339a3ce1-15b3-45f5-b4ef-97df6dbbc966,ICTHCM_BENHVIEN,/root/vdms/tangthu/data/gisp/icthcm/customdata/icthcm_benhvien/8d4bbc65-0e97-46e7-ab9d-eb2ab1c9c3ca,2023-08-07T02:53:22.000Z,admin,2,2023-08-07T02:53:22.000Z,admin,2,Bệnh viện Tai Mũi Họng Sài Gòn,dataexport_8_7_2023_9_11 am.xlsx,Bệnh viện Tai Mũi Họng Sài Gòn,,,0001-01-01T00:00:00Z,"1-3 Trịnh Văn Cấn, Phường Cầu Ông Lãnh, Quận 1",,,"{""type"":""Point"",""coordinates"":[106.696639,10.767374]}",,,
b6be950a-7624-40b0-be0f-787d0e4977fe,ICTHCM_BENHVIEN,/root/vdms/tangthu/data/gisp/icthcm/customdata/icthcm_benhvien/d6e2de0d-b009-4b3d-99e2-03a5e9c48064,2023-08-07T02:53:25.000Z,admin,2,2023-08-07T02:53:25.000Z,admin,2,Bệnh viện mắt quốc tế Việt Nga,dataexport_8_7_2023_9_11 am.xlsx,Bệnh viện mắt quốc tế Việt Nga,,,0001-01-01T00:00:00Z,"1 đường 3/2, Phường 11, Quận 10",,,"{""type"":""Point"",""coordinates"":[106.680899262428,10.7769006584205]}",,,
11f80bea-4d54-4772-868b-2566242cac5e,ICTHCM_BENHVIEN,/root/vdms/tangthu/data/gisp/icthcm/customdata/icthcm_benhvien/d710752d-e4f7-4e20-97df-b141365d654a,2023-08-07T02:53:26.000Z,admin,2,2023-08-07T02:53:26.000Z,admin,2,Bệnh viện Răng Hàm Mặt,dataexport_8_7_2023_9_11 am.xlsx,Bệnh viện Răng Hàm Mặt,,,0001-01-01T00:00:00Z,"265 Trần Hưng Đạo, Phường Cô Giang, Quận 1, Thành phố Hồ Chí Minh",,,"{""type"":""Point"",""coordinates"":[106.69178369328881,10.763629596876427]}",,,
e5533c40-f135-43fd-8429-123a802dc619,ICTHCM_BENHVIEN,/root/vdms/tangthu/data/gisp/icthcm/customdata/icthcm_benhvien/e0125739-4d86-4e4a-97a9-801442ac359f,2023-08-07T02:53:27.000Z,admin,2,2023-08-07T02:53:27.000Z,admin,2,Bệnh viện Quận Bình Thạnh,dataexport_8_7_2023_9_11 am.xlsx,Bệnh viện Quận Bình Thạnh,,,0001-01-01T00:00:00Z,"112 A-B Đinh Tiên Hoàng, Phường 1, Quận Bình Thạnh",,,"{""type"":""Point"",""coordinates"":[106.696579456329,10.7982557821567]}",,,
b6318512-f0a7-4718-a5bc-5a92dd9c7e1c,ICTHCM_BENHVIEN,/root/vdms/tangthu/data/gisp/icthcm/customdata/icthcm_benhvien/2cd1b703-b829-421a-b991-ab2184aa2ce5,2023-08-07T02:52:55.000Z,admin,2,2023-08-07T02:52:55.000Z,admin,2,Bệnh viện Phục hồi chức năng – Điều trị bệnh nghề nghiệp,dataexport_8_7_2023_9_11 am.xlsx,Bệnh viện Phục hồi chức năng – Điều trị bệnh nghề nghiệp,,,0001-01-01T00:00:00Z,"125/61 Âu Dương Lân, Phường 2, Quận 8",,,"{""type"":""Point"",""coordinates"":[106.68612,10.740515]}",,,
bf45a987-26e3-4344-9777-9a11eb4fbdec,ICTHCM_BENHVIEN,/root/vdms/tangthu/data/gisp/icthcm/customdata/icthcm_benhvien/3319a106-de39-4236-bd7f-faee4f404c76,2023-08-07T02:52:56.000Z,admin,2,2023-08-07T02:52:56.000Z,admin,2,Bệnh viện Chấn thương Chỉnh hình,dataexport_8_7_2023_9_11 am.xlsx,Bệnh viện Chấn thương Chỉnh hình,,,0001-01-01T00:00:00Z,"929 Trần Hưng Đạo, Phường 1, Quận 5",,,"{""type"":""Point"",""coordinates"":[106.678329,10.754455]}",,,
301b2eff-e4d4-438c-8ee9-799f30f1e511,ICTHCM_BENHVIEN,/root/vdms/tangthu/data/gisp/icthcm/customdata/icthcm_benhvien/a547d831-782e-4b09-a727-7e786df30291,2023-08-07T02:52:57.000Z,admin,2,2023-08-07T02:52:57.000Z,admin,2,Viện Tim TP. HCM,dataexport_8_7_2023_9_11 am.xlsx,Viện Tim TP. HCM,,,0001-01-01T00:00:00Z,"86/4 Thành Thái, Phường 12, Quận 10",,,"{""type"":""Point"",""coordinates"":[106.66565684,10.77235848]}",,,
4a817baf-2d79-4c78-b949-b302d75702c6,ICTHCM_BENHVIEN,/root/vdms/tangthu/data/gisp/icthcm/customdata/icthcm_benhvien/40ce38ca-b521-4e33-b946-1f01dffe4d4f,2023-08-07T02:52:59.000Z,admin,2,2023-08-07T02:52:59.000Z,admin,2,Bệnh viện Quận 7,dataexport_8_7_2023_9_11 am.xlsx,Bệnh viện Quận 7,,,0001-01-01T00:00:00Z,"101 Nguyễn Thị Thập, phường Tân Phú, Quận 7",,,"{""type"":""Point"",""coordinates"":[106.723153850065,10.7378773525007]}",,,
de01068e-404e-4d04-854a-685e1aec1671,ICTHCM_BENHVIEN,/root/vdms/tangthu/data/gisp/icthcm/customdata/icthcm_benhvien/4d701bb5-d1c7-4c09-9915-bd20e843c68b,2023-08-07T02:53:00.000Z,admin,2,2023-08-07T02:53:00.000Z,admin,2,Bệnh viện huyện Nhà Bè,dataexport_8_7_2023_9_11 am.xlsx,Bệnh viện huyện Nhà Bè,,,0001-01-01T00:00:00Z,"281A Lê Văn Lương. Ấp 3, Xã Phước Kiểng, Huyện Nhà Bè",,,"{""type"":""Point"",""coordinates"":[106.702494,10.709341]}",,,
f1ab793f-12c5-42f8-9e7c-ad943229e810,ICTHCM_BENHVIEN,/root/vdms/tangthu/data/gisp/icthcm/customdata/icthcm_benhvien/8c59ef08-0702-47ba-9f3c-f459bbb56d1a,2023-08-07T02:53:02.000Z,admin,2,2023-08-07T02:53:02.000Z,admin,2,Bệnh viện đa khoa Sài Gòn,dataexport_8_7_2023_9_11 am.xlsx,Bệnh viện đa khoa Sài Gòn,,,0001-01-01T00:00:00Z,"125 Lê Lợi, Phường Bến Thành, Quận 1",,,"{""type"":""Point"",""coordinates"":[106.698914,10.771737]}",,,
8dfa3a75-12b8-456b-81c6-350cfa68015b,ICTHCM_BENHVIEN,/root/vdms/tangthu/data/gisp/icthcm/customdata/icthcm_benhvien/d278e598-8d03-4abd-be8c-4cf75209df22,2023-08-07T02:53:02.000Z,admin,2,2023-08-07T02:53:02.000Z,admin,2,Bệnh viện SAIGON-ITO Phú Nhuận,dataexport_8_7_2023_9_11 am.xlsx,Bệnh viện SAIGON-ITO Phú Nhuận,,,0001-01-01T00:00:00Z,"140C Nguyễn Trọng Tuyển, Phường 8, Quận Phú Nhuận",,,"{""type"":""Point"",""coordinates"":[106.67694,10.797776]}",,,
339c52a6-0cb0-4598-bbc2-c6bf761eed81,ICTHCM_BENHVIEN,/root/vdms/tangthu/data/gisp/icthcm/customdata/icthcm_benhvien/fc248022-9709-4685-adbe-8356f03d810b,2023-08-07T02:53:04.000Z,admin,2,2023-08-07T02:53:04.000Z,admin,2,Trung tâm Y tế Huyện Cần Giờ,dataexport_8_7_2023_9_11 am.xlsx,Trung tâm Y tế Huyện Cần Giờ,,,0001-01-01T00:00:00Z,"Lương Văn Nho, Khu phố Miễu Ba, Cần Giờ, Thành phố Hồ Chí Minh",,,"{""type"":""Point"",""coordinates"":[106.962951,10.412571]}",,,
0d471e2a-1135-4888-952f-b5d67dac7ac9,ICTHCM_BENHVIEN,/root/vdms/tangthu/data/gisp/icthcm/customdata/icthcm_benhvien/cce86fdc-96ce-49f5-a697-a0ee0020276c,2023-08-07T02:53:05.000Z,admin,2,2023-08-07T02:53:05.000Z,admin,2,Bệnh viện Đa khoa Tâm Trí Sài Gòn,dataexport_8_7_2023_9_11 am.xlsx,Bệnh viện Đa khoa Tâm Trí Sài Gòn,,,0001-01-01T00:00:00Z,"171 Trường Chinh, Phường Tân Nhất Thới, Quận 12",,,"{""type"":""Point"",""coordinates"":[106.622045,10.83174]}",,,
bcd79b96-9396-43a5-b643-48d20c56a36b,ICTHCM_BENHVIEN,/root/vdms/tangthu/data/gisp/icthcm/customdata/icthcm_benhvien/eca8ed8b-a2af-44d5-b55d-0ad9592e397c,2023-08-07T02:53:07.000Z,admin,2,2023-08-07T02:53:07.000Z,admin,2,Bệnh viện Thành phố Thủ Đức,dataexport_8_7_2023_9_11 am.xlsx,Bệnh viện Thành phố Thủ Đức,,,0001-01-01T00:00:00Z,"29 Phú Châu, Phường Tam Phú, Quận Thủ Đức",,,"{""type"":""Point"",""coordinates"":[106.745652,10.863635]}",,,
6d775f10-243d-44d4-a56f-a262305ecf12,ICTHCM_BENHVIEN,/root/vdms/tangthu/data/gisp/icthcm/customdata/icthcm_benhvien/c6f3459f-ac8d-43d5-84ac-8c0951de0f31,2023-08-07T02:53:09.000Z,admin,2,2023-08-07T02:53:09.000Z,admin,2,Bệnh viện Đa khoa Hoàn Mỹ Sài Gòn,dataexport_8_7_2023_9_11 am.xlsx,Bệnh viện Đa khoa Hoàn Mỹ Sài Gòn,,,0001-01-01T00:00:00Z,"số 60-60A, Phan Xích Long, Phường 1, Quận Phú Nhuận",,,"{""type"":""Point"",""coordinates"":[106.684335,10.800221]}",,,
dc0b6a47-1fea-4103-9ad7-f4913e7f158f,ICTHCM_BENHVIEN,/root/vdms/tangthu/data/gisp/icthcm/customdata/icthcm_benhvien/988c767e-8dfb-4290-aa60-420fbcd415a6,2023-08-07T02:53:10.000Z,admin,2,2023-08-07T02:53:10.000Z,admin,2,Bệnh viện Đa khoa Mỹ Đức,dataexport_8_7_2023_9_11 am.xlsx,Bệnh viện Đa khoa Mỹ Đức,,,0001-01-01T00:00:00Z,"4 Núi Thành, Phường 13, Quận Tân Bình",,,"{""type"":""Point"",""coordinates"":[106.641524,10.799957]}",,,
aed730ea-d2b6-4272-8afb-1a6760c6a0ca,ICTHCM_BENHVIEN,/root/vdms/tangthu/data/gisp/icthcm/customdata/icthcm_benhvien/77e4b993-7a34-4535-9088-5f9eed9f9819,2023-08-07T02:53:11.000Z,admin,2,2023-08-07T02:53:11.000Z,admin,2,Bệnh viện Mắt Sài Gòn II,dataexport_8_7_2023_9_11 am.xlsx,Bệnh viện Mắt Sài Gòn II,,,0001-01-01T00:00:00Z,"100 Lê Thị Riêng, Phường Bến Nghé, Quận 1",,,"{""type"":""Point"",""coordinates"":[106.698303,10.777226]}",,,
de632fc6-d932-4e59-bb6d-3b8ef231b578,ICTHCM_BENHVIEN,/root/vdms/tangthu/data/gisp/icthcm/customdata/icthcm_benhvien/364b6657-8aa3-4ae3-812b-d82d34fa83fe,2023-08-07T02:53:16.000Z,admin,2,2023-08-07T02:53:16.000Z,admin,2,Bệnh viện Đại học Y Dược TPHCM,dataexport_8_7_2023_9_11 am.xlsx,Bệnh viện Đại học Y Dược TPHCM,,,0001-01-01T00:00:00Z,"215 Hồng Bàng, Phường 11, Quận 5",,,"{""type"":""Point"",""coordinates"":[106.664384901524,10.7555782757148]}",,,
bc652482-9a03-437b-9623-fdc7bdf17fde,ICTHCM_BENHVIEN,/root/vdms/tangthu/data/gisp/icthcm/customdata/icthcm_benhvien/f723bd12-8627-4d92-8d70-05212f1f94ee,2023-08-07T02:53:21.000Z,admin,2,2023-08-07T02:53:21.000Z,admin,2,Bệnh viện Thẩm Mỹ EMCAS,dataexport_8_7_2023_9_11 am.xlsx,Bệnh viện Thẩm Mỹ EMCAS,,,0001-01-01T00:00:00Z,"14/27 Hoàng Dư Khương, Phường 12, Quận 10",,,"{""type"":""Point"",""coordinates"":[106.67436003685,10.7756490773063]}",,,
02614110-52d1-49dc-9f38-45992ada82c5,ICTHCM_BENHVIEN,/root/vdms/tangthu/data/gisp/icthcm/customdata/icthcm_benhvien/7aa97b43-5844-4e53-8a5d-d65cc54dffa6,2023-08-07T02:53:24.000Z,admin,2,2023-08-07T02:53:24.000Z,admin,2,Viện Y dược học dân tộc TP.HCM,dataexport_8_7_2023_9_11 am.xlsx,Viện Y dược học dân tộc TP.HCM,,,0001-01-01T00:00:00Z,"273 Nguyễn Văn Trỗi, Phường 10, Quận Phú Nhuận",,,"{""type"":""Point"",""coordinates"":[106.67159783316995,10.797799108594774]}",,,
3579785c-0f88-448e-8a2e-df066121cf6a,ICTHCM_BENHVIEN,/root/vdms/tangthu/data/gisp/icthcm/customdata/icthcm_benhvien/47a96c08-0d83-4a2f-a424-d4ff205b0832,2023-08-07T02:52:53.000Z,admin,2,2023-08-07T02:52:53.000Z,admin,2,Bệnh viện Nhân Dân Gia Định,dataexport_8_7_2023_9_11 am.xlsx,Bệnh viện Nhân Dân Gia Định,,,0001-01-01T00:00:00Z,"1A Nơ Trang Long, Phường 7, Quận Bình Thạnh",,,"{""type"":""Point"",""coordinates"":[106.694913,10.803823]}",,,
a47ba402-b002-4c7a-a4c0-e642d1f3c091,ICTHCM_BENHVIEN,/root/vdms/tangthu/data/gisp/icthcm/customdata/icthcm_benhvien/c0649fe1-81f4-4c97-b923-e4785b275dc0,2023-08-07T02:52:56.000Z,admin,2,2023-08-07T02:52:56.000Z,admin,2,Bệnh viện Y học cổ truyền,dataexport_8_7_2023_9_11 am.xlsx,Bệnh viện Y học cổ truyền,,,0001-01-01T00:00:00Z,"179-187 Nam Kỳ Khởi Nghĩa, Phường Võ Thị Sáu, Quận 3",,,"{""type"":""Point"",""coordinates"":[106.687455,10.785918]}",,,
95ee3586-2570-42a1-91de-3a9094b4375d,ICTHCM_BENHVIEN,/root/vdms/tangthu/data/gisp/icthcm/customdata/icthcm_benhvien/3a914b68-c0db-45a7-a077-a9aea8b082cd,2023-08-07T02:52:56.000Z,admin,2,2023-08-07T02:52:56.000Z,admin,2,Bệnh viện Răng Hàm Mặt TP.HCM,dataexport_8_7_2023_9_11 am.xlsx,Bệnh viện Răng Hàm Mặt TP.HCM,,,0001-01-01T00:00:00Z,"201A, Nguyễn Chí Thanh, Phường 12, Quận 5",,,"{""type"":""Point"",""coordinates"":[106.660623,10.757817]}",,,
3af29836-4832-4b98-b601-9f9c9e3d8f07,ICTHCM_BENHVIEN,/root/vdms/tangthu/data/gisp/icthcm/customdata/icthcm_benhvien/23ee2899-b795-4d22-ac28-1fa5e24c72ef,2023-08-07T02:53:00.000Z,admin,2,2023-08-07T02:53:00.000Z,admin,2,Trung tâm Y tế Quận 10,dataexport_8_7_2023_9_11 am.xlsx,Trung tâm Y tế Quận 10,,,0001-01-01T00:00:00Z,"403 Đ. Cách Mạng Tháng 8, Phường 13, Quận 10, Thành phố Hồ Chí Minh",,,"{""type"":""Point"",""coordinates"":[106.67563,10.780957]}",,,
a7c7da6c-9011-4d3d-88b8-379e32e08e03,ICTHCM_BENHVIEN,/root/vdms/tangthu/data/gisp/icthcm/customdata/icthcm_benhvien/8eac49ab-4866-4f7f-9e42-727149e1ec69,2023-08-07T02:53:02.000Z,admin,2,2023-08-07T02:53:02.000Z,admin,2,Bệnh viện Quận 8,dataexport_8_7_2023_9_11 am.xlsx,Bệnh viện Quận 8,,,0001-01-01T00:00:00Z,"82 Cao Lỗ, Phường 4, Quận 8",,,"{""type"":""Point"",""coordinates"":[106.677800481818,10.7365188152081]}",,,
d1ee123c-af61-4020-b467-78d263bbaced,ICTHCM_BENHVIEN,/root/vdms/tangthu/data/gisp/icthcm/customdata/icthcm_benhvien/da3b38e3-af0b-41fb-9ba8-d51a5da1c934,2023-08-07T02:53:03.000Z,admin,2,2023-08-07T02:53:03.000Z,admin,2,Bệnh viện Nhân Dân 115,dataexport_8_7_2023_9_11 am.xlsx,Bệnh viện Nhân Dân 115,,,0001-01-01T00:00:00Z,"527 Sư Vạn Hạnh, Phường 12, Quận 10",,,"{""type"":""Point"",""coordinates"":[106.667554,10.775298]}",,,
970cc260-cf9a-4689-b274-5d75f57bc0a7,ICTHCM_BENHVIEN,/root/vdms/tangthu/data/gisp/icthcm/customdata/icthcm_benhvien/65ebab01-05bd-4e18-b928-882edbdd45a2,2023-08-07T02:53:06.000Z,admin,2,2023-08-07T02:53:06.000Z,admin,2,Bệnh viện Quốc tế Mỹ,dataexport_8_7_2023_9_11 am.xlsx,Bệnh viện Quốc tế Mỹ,,,0001-01-01T00:00:00Z,"Số 6 đường Bắc Nam 3, phường An Phú, TP. Thủ Đức",,,"{""type"":""Point"",""coordinates"":[106.75187,10.786704]}",,,
ea1c3754-00e8-4c04-b767-ff4def56f1c2,ICTHCM_BENHVIEN,/root/vdms/tangthu/data/gisp/icthcm/customdata/icthcm_benhvien/6809a0fa-f248-43cf-a51b-f9a0a5d48994,2023-08-07T02:53:07.000Z,admin,2,2023-08-07T02:53:07.000Z,admin,2,Bệnh viện Thẩm Mỹ Thanh Vân,dataexport_8_7_2023_9_11 am.xlsx,Bệnh viện Thẩm Mỹ Thanh Vân,,,0001-01-01T00:00:00Z,"33G-H Nguyễn Bỉnh Khiêm, Phường Đa Kao, Quận 1",,,"{""type"":""Point"",""coordinates"":[106.702108,10.789424]}",,,
67bbef9a-cb87-4982-a59c-3fabdf93fc6a,ICTHCM_BENHVIEN,/root/vdms/tangthu/data/gisp/icthcm/customdata/icthcm_benhvien/dd7d0e2e-45c6-48c3-b30c-69970593b16d,2023-08-07T02:53:07.000Z,admin,2,2023-08-07T02:53:07.000Z,admin,2,Bệnh viện Huyện Củ Chi,dataexport_8_7_2023_9_11 am.xlsx,Bệnh viện Huyện Củ Chi,,,0001-01-01T00:00:00Z,"1307 Tỉnh lộ 7, ấp Chợ cũ, Xã An Nhơ Tây, Huyện Củ Chi",,,"{""type"":""Point"",""coordinates"":[106.5185,11.092303]}",,,
48d5ef6c-be8a-45c6-92bf-0f9be701ce7d,ICTHCM_BENHVIEN,/root/vdms/tangthu/data/gisp/icthcm/customdata/icthcm_benhvien/69b8b569-b407-4fcc-8d2e-a065e246fafa,2023-08-07T02:53:08.000Z,admin,2,2023-08-07T02:53:08.000Z,admin,2,Bệnh viện Triều An,dataexport_8_7_2023_9_11 am.xlsx,Bệnh viện Triều An,,,0001-01-01T00:00:00Z,"425 Kinh Dương Vương, Phường An Lạc, Quận Bình Tân",,,"{""type"":""Point"",""coordinates"":[106.61654,10.739406]}",,,
afdfd862-7f30-48bf-a03b-533860663e5c,ICTHCM_BENHVIEN,/root/vdms/tangthu/data/gisp/icthcm/customdata/icthcm_benhvien/86681504-4495-42af-832f-99dcf9f250ee,2023-08-07T02:53:10.000Z,admin,2,2023-08-07T02:53:10.000Z,admin,2,Bệnh viện Đa khoa Vạn Hạnh,dataexport_8_7_2023_9_11 am.xlsx,Bệnh viện Đa khoa Vạn Hạnh,,,0001-01-01T00:00:00Z,"781/B1-B3-B5 Lê Hồng Phong, Phường 12, Quận 10",,,"{""type"":""Point"",""coordinates"":[106.671309,10.771689]}",,,
14533600-54ad-4374-800a-cda3d4f3e420,ICTHCM_BENHVIEN,/root/vdms/tangthu/data/gisp/icthcm/customdata/icthcm_benhvien/54f47e58-b7de-456b-8a5d-cd7e38e3ec8d,2023-08-07T02:53:10.000Z,admin,2,2023-08-07T02:53:10.000Z,admin,2,Bệnh viện Quốc tế Chấn thương chỉnh hình Sài Gòn,dataexport_8_7_2023_9_11 am.xlsx,Bệnh viện Quốc tế Chấn thương chỉnh hình Sài Gòn,,,0001-01-01T00:00:00Z,"305 Lê Văn Sỹ, Phường 1, Quận Tân Bình",,,"{""type"":""Point"",""coordinates"":[106.667132,10.794974]}",,,
4f155359-d43e-43f4-97c0-859bad59e3d9,ICTHCM_BENHVIEN,/root/vdms/tangthu/data/gisp/icthcm/customdata/icthcm_benhvien/9c5d4c80-8e13-4e0b-9e1d-cf26de88c2dc,2023-08-07T02:53:10.000Z,admin,2,2023-08-07T02:53:10.000Z,admin,2,Bệnh viện Thẩm Mỹ Đông Á - TP Hồ Chí Minh,dataexport_8_7_2023_9_11 am.xlsx,Bệnh viện Thẩm Mỹ Đông Á - TP Hồ Chí Minh,,,0001-01-01T00:00:00Z,"218 Nguyễn Trãi, Phường 3, Quận 5",,,"{""type"":""Point"",""coordinates"":[106.676959,10.756741]}",,,
b5ddf70a-6cef-4791-910e-a57ffbb9cc80,ICTHCM_BENHVIEN,/root/vdms/tangthu/data/gisp/icthcm/customdata/icthcm_benhvien/5e010583-ce57-4f4b-a67d-24751ed7f6f4,2023-08-07T02:53:13.000Z,admin,2,2023-08-07T02:53:13.000Z,admin,2,Bệnh viện đa khoa Quốc tế Nam Sài Gòn,dataexport_8_7_2023_9_11 am.xlsx,Bệnh viện đa khoa Quốc tế Nam Sài Gòn,,,0001-01-01T00:00:00Z,"88 Đường số 8 , Bình Hưng, Huyện Bình Chánh",,,"{""type"":""Point"",""coordinates"":[106.663106,10.720518]}",,,
be2f199a-2e1b-44e3-b242-58b6b41051bc,ICTHCM_BENHVIEN,/root/vdms/tangthu/data/gisp/icthcm/customdata/icthcm_benhvien/927d0924-024f-4379-a06b-6bed7d777d76,2023-08-07T02:53:14.000Z,admin,2,2023-08-07T02:53:14.000Z,admin,2,Bệnh viện PTTHTM Hiệp Lợi,dataexport_8_7_2023_9_11 am.xlsx,Bệnh viện PTTHTM Hiệp Lợi,,,0001-01-01T00:00:00Z,"130 Dương Bá Trạc, Phường 2, Quận 8",,,"{""type"":""Point"",""coordinates"":[106.688535117096,10.7481538463106]}",,,
b7a142c6-6900-445f-af5d-9ab1da317dbc,ICTHCM_BENHVIEN,/root/vdms/tangthu/data/gisp/icthcm/customdata/icthcm_benhvien/b6b97597-3dc9-41e0-bbd1-a360151d9441,2023-08-07T02:53:16.000Z,admin,2,2023-08-07T02:53:16.000Z,admin,2,Bệnh viện Đa Khoa Mắt Sài Gòn,dataexport_8_7_2023_9_11 am.xlsx,Bệnh viện Đa Khoa Mắt Sài Gòn,,,0001-01-01T00:00:00Z,"473 Cách Mạng Tháng 8, Phường 13, Quận 10",,,"{""type"":""Point"",""coordinates"":[106.673908,10.781901]}",,,
afd6beff-62fd-4e1a-9687-2fe3cff9e3f6,ICTHCM_BENHVIEN,/root/vdms/tangthu/data/gisp/icthcm/customdata/icthcm_benhvien/dd09e05f-714c-4118-a382-1d8d0a1cfa62,2023-08-07T02:53:17.000Z,admin,2,2023-08-07T02:53:17.000Z,admin,2,Bệnh viện Mắt KTC Phương Nam,dataexport_8_7_2023_9_11 am.xlsx,Bệnh viện Mắt KTC Phương Nam,,,0001-01-01T00:00:00Z,"360 Điện Biên Phủ, Phường 11, Quận 10",,,"{""type"":""Point"",""coordinates"":[106.680868,10.774397]}",,,
e9e34843-60d3-46fd-a66a-f05e7fc0bab1,ICTHCM_BENHVIEN,/root/vdms/tangthu/data/gisp/icthcm/customdata/icthcm_benhvien/e57d96de-2b6e-4b76-b373-3f7d396ec17c,2023-08-07T02:53:18.000Z,admin,2,2023-08-07T02:53:18.000Z,admin,2,Bệnh viện phẫu thuật Thẩm Mỹ Ngô Mộng Hùng,dataexport_8_7_2023_9_11 am.xlsx,Bệnh viện phẫu thuật Thẩm Mỹ Ngô Mộng Hùng,,,0001-01-01T00:00:00Z,"221 Nguyễn Đình Chiểu, Phường 5, Quận 3",,,"{""type"":""Point"",""coordinates"":[106.686002,10.774067]}",,,
10a7dc5c-d0cc-4399-b099-4e93fddf4685,ICTHCM_BENHVIEN,/root/vdms/tangthu/data/gisp/icthcm/customdata/icthcm_benhvien/440a5aa9-006e-4cb2-abba-72be4e36f1f2,2023-08-07T02:53:19.000Z,admin,2,2023-08-07T02:53:19.000Z,admin,2,Bệnh viện Giao thông vận tải,dataexport_8_7_2023_9_11 am.xlsx,Bệnh viện Giao thông vận tải,,,0001-01-01T00:00:00Z,"72/3 Trần Quốc Toản, Phường 8, Quận 3",,,"{""type"":""Point"",""coordinates"":[106.68797,10.786967]}",,,
1cb0be39-a16e-4296-bf2f-5e0ca75648f4,ICTHCM_BENHVIEN,/root/vdms/tangthu/data/gisp/icthcm/customdata/icthcm_benhvien/4816b7e0-43f0-470a-bc95-7dd7d0e78dc4,2023-08-07T02:53:24.000Z,admin,2,2023-08-07T02:53:24.000Z,admin,2,Bệnh viện Răng Hàm Mặt Trung Ương,dataexport_8_7_2023_9_11 am.xlsx,Bệnh viện Răng Hàm Mặt Trung Ương,,,0001-01-01T00:00:00Z,"201A Nguyễn Chí Thanh, Phường 12, Quận 5",,,"{""type"":""Point"",""coordinates"":[106.660623,10.757817]}",,,
1d63da31-cc55-41c8-abe6-55c3d2c183fe,ICTHCM_BENHVIEN,/root/vdms/tangthu/data/gisp/icthcm/customdata/icthcm_benhvien/26c06dcb-2a5e-4047-b380-db3e30621046,2023-08-07T02:53:26.000Z,admin,2,2023-08-07T02:53:26.000Z,admin,2,Bệnh viện 7a,dataexport_8_7_2023_9_11 am.xlsx,Bệnh viện 7a,,,0001-01-01T00:00:00Z,"466 Nguyễn Trãi, Phường 8, Quận 5",,,"{""type"":""Point"",""coordinates"":[106.671075,10.754959]}",,,
eaa510ed-4b5a-4d46-8d05-6a8b707e89a5,ICTHCM_BENHVIEN,/root/vdms/tangthu/data/gisp/icthcm/customdata/icthcm_benhvien/89ffb323-9624-4fa8-a920-5a26ea0290a2,2023-08-07T02:53:27.000Z,admin,2,2023-08-07T02:53:27.000Z,admin,2,Bệnh viện Tai Mũi Họng TP.HCM,dataexport_8_7_2023_9_11 am.xlsx,Bệnh viện Tai Mũi Họng TP.HCM,,,0001-01-01T00:00:00Z,"155-157 Trần Quốc Thảo, Phường 9, Quận 3",,,"{""type"":""Point"",""coordinates"":[106.68409722338289,10.784486640230654]}",,,
a8100f95-618a-457c-aa04-95606efd1982,ICTHCM_BENHVIEN,/root/vdms/tangthu/data/gisp/icthcm/customdata/icthcm_benhvien/289aca3d-cac6-4384-8d25-7892a34db156,2023-08-07T02:52:54.000Z,admin,2,2023-08-07T02:52:54.000Z,admin,2,Bệnh viện Truyền máu Huyết học,dataexport_8_7_2023_9_11 am.xlsx,Bệnh viện Truyền máu Huyết học,,,0001-01-01T00:00:00Z,"118 Hồng Bàng, Phường 12, Quận 5",,,"{""type"":""Point"",""coordinates"":[106.666092,10.756634]}",,,
d31cb819-ac3a-4554-999a-e83b66993801,ICTHCM_BENHVIEN,/root/vdms/tangthu/data/gisp/icthcm/customdata/icthcm_benhvien/859d9ba3-ef3a-408e-973c-870e4b756fa0,2023-08-07T02:52:54.000Z,admin,2,2023-08-07T02:52:54.000Z,admin,2,Bệnh viện đa khoa khu vực Thủ Đức,dataexport_8_7_2023_9_11 am.xlsx,Bệnh viện đa khoa khu vực Thủ Đức,,,0001-01-01T00:00:00Z,"64 Lê Văn Chí, Phường Linh Trung, TP Thủ Đức",,,"{""type"":""Point"",""coordinates"":[106.779974,10.862559]}",,,
ef6aa1a6-dd6a-4462-b6d7-16075a1b83c8,ICTHCM_BENHVIEN,/root/vdms/tangthu/data/gisp/icthcm/customdata/icthcm_benhvien/b499b0f5-c384-4b2b-bb64-0428e96fb724,2023-08-07T02:52:59.000Z,admin,2,2023-08-07T02:52:59.000Z,admin,2,Bệnh viện Quận 1,dataexport_8_7_2023_9_11 am.xlsx,Bệnh viện Quận 1,,,0001-01-01T00:00:00Z,"29A Cao Bá Nhạ, Phường Nguyễn Cư Trinh, Quận 1",,,"{""type"":""Point"",""coordinates"":[106.69002,10.762628]}",,,
9c882519-d250-4849-9fd1-ac057ec44f34,ICTHCM_BENHVIEN,/root/vdms/tangthu/data/gisp/icthcm/customdata/icthcm_benhvien/c7a89bc3-e216-4424-9338-6cc7f155fd30,2023-08-07T02:52:59.000Z,admin,2,2023-08-07T02:52:59.000Z,admin,2,Bệnh viện Lê Văn Việt,dataexport_8_7_2023_9_11 am.xlsx,Bệnh viện Lê Văn Việt,,,0001-01-01T00:00:00Z,"387 đường Lê Văn Việt, KP2. Phường Tăng Nhơn Phú A, TP.Thủ Đức",,,"{""type"":""Point"",""coordinates"":[106.792591775463,10.8450493656963]}",,,
04d13c8e-8e7e-4efa-93ee-af0cb89f5f04,ICTHCM_BENHVIEN,/root/vdms/tangthu/data/gisp/icthcm/customdata/icthcm_benhvien/fd64c975-6f3b-4031-a9dd-7f82f67cfacf,2023-08-07T02:53:01.000Z,admin,2,2023-08-07T02:53:01.000Z,admin,2,Bệnh viện Đa khoa Quốc tế Vinmec Central Park,dataexport_8_7_2023_9_11 am.xlsx,Bệnh viện Đa khoa Quốc tế Vinmec Central Park,,,0001-01-01T00:00:00Z,"720A Điện Biên Phủ, P. 22, Quận Bình Thạnh",,,"{""type"":""Point"",""coordinates"":[106.719839572906,10.7951942277065]}",,,
fc46b405-cd07-4fb4-bc7d-2ad3ec8e2b29,ICTHCM_BENHVIEN,/root/vdms/tangthu/data/gisp/icthcm/customdata/icthcm_benhvien/235bac49-84a9-4edb-ade9-8f1579027560,2023-08-07T02:53:03.000Z,admin,2,2023-08-07T02:53:03.000Z,admin,2,Bệnh viện quận Tân Phú,dataexport_8_7_2023_9_11 am.xlsx,Bệnh viện quận Tân Phú,,,0001-01-01T00:00:00Z,"số 609-611 đường Âu Cơ, phường Phú Trung, Quận Tân Phú",,,"{""type"":""Point"",""coordinates"":[106.642343,10.783834]}",,,
c3df029b-b5a7-409c-8767-801d269e3809,ICTHCM_BENHVIEN,/root/vdms/tangthu/data/gisp/icthcm/customdata/icthcm_benhvien/edb677ff-7603-45dc-9922-f062fee57fb6,2023-08-07T02:53:04.000Z,admin,2,2023-08-07T02:53:04.000Z,admin,2,Bệnh viện Thẩm Mỹ JW Hàn Quốc,dataexport_8_7_2023_9_11 am.xlsx,Bệnh viện Thẩm Mỹ JW Hàn Quốc,,,0001-01-01T00:00:00Z,"44-46, 50 Tôn Thất Tùng, Phường Phạm Ngũ Lão, Quận 1",,,"{""type"":""Point"",""coordinates"":[106.689085,10.769533]}",,,
c5094a8f-4efb-47d4-957d-aaa352cf3c17,ICTHCM_BENHVIEN,/root/vdms/tangthu/data/gisp/icthcm/customdata/icthcm_benhvien/65fe7d10-a1c2-40fd-8e05-ef6c3f0dcb7d,2023-08-07T02:53:06.000Z,admin,2,2023-08-07T02:53:06.000Z,admin,2,Bệnh viện Huyện Bình Chánh,dataexport_8_7_2023_9_11 am.xlsx,Bệnh viện Huyện Bình Chánh,,,0001-01-01T00:00:00Z,"số 1 đường số 1 khu Trung tâm Hành chính, Thị Trấn Tân Túc, huyện Bình Chánh",,,"{""type"":""Point"",""coordinates"":[106.584048,10.691647]}",,,
462b0ae7-0ff1-45af-beef-5bc2489528bb,ICTHCM_BENHVIEN,/root/vdms/tangthu/data/gisp/icthcm/customdata/icthcm_benhvien/e2f8f00b-e415-4b45-850c-38824a4793f7,2023-08-07T02:53:09.000Z,admin,2,2023-08-07T02:53:09.000Z,admin,2,Bệnh viện Tim Tâm Đức,dataexport_8_7_2023_9_11 am.xlsx,Bệnh viện Tim Tâm Đức,,,0001-01-01T00:00:00Z,"4 Nguyễn Lương Bằng, Phường Tân Phú, Quận 7",,,"{""type"":""Point"",""coordinates"":[106.718568,10.733807]}",,,
b7e61056-1b86-4c07-b030-1cf08cedff50,ICTHCM_BENHVIEN,/root/vdms/tangthu/data/gisp/icthcm/customdata/icthcm_benhvien/cfe86f92-c20d-4ab3-b545-61204fa5cbd4,2023-08-07T02:53:12.000Z,admin,2,2023-08-07T02:53:12.000Z,admin,2,Bệnh viện chuyên khoa PTTM Á Âu,dataexport_8_7_2023_9_11 am.xlsx,Bệnh viện chuyên khoa PTTM Á Âu,,,0001-01-01T00:00:00Z,"40 Trần Hưng Đạo, Phường 7, Quận 5",,,"{""type"":""Point"",""coordinates"":[106.671038,10.752909]}",,,
5b77e9a8-af8f-4b9d-ae14-8d6b8743ba00,ICTHCM_BENHVIEN,/root/vdms/tangthu/data/gisp/icthcm/customdata/icthcm_benhvien/05c11a88-68d4-451d-b2c6-b93d241b5e60,2023-08-07T02:53:15.000Z,admin,2,2023-08-07T02:53:15.000Z,admin,2,Bệnh viện Quốc tế Columbia Asia Gia Định,dataexport_8_7_2023_9_11 am.xlsx,Bệnh viện Quốc tế Columbia Asia Gia Định,,,0001-01-01T00:00:00Z,"1 Nơ Trang Long, Phường 14, Quận Bình Thạnh",,,"{""type"":""Point"",""coordinates"":[106.6952048,10.8039105]}",,,
46c36591-0069-44fd-8675-074aa1242917,ICTHCM_BENHVIEN,/root/vdms/tangthu/data/gisp/icthcm/customdata/icthcm_benhvien/60168859-fd2d-410c-ba14-eae301176ab5,2023-08-07T02:53:18.000Z,admin,2,2023-08-07T02:53:18.000Z,admin,2,Bệnh viện Thống Nhất,dataexport_8_7_2023_9_11 am.xlsx,Bệnh viện Thống Nhất,,,0001-01-01T00:00:00Z,"Số 1 Lý Thường Kiệt, Phường 7, Quận Tân Bình",,,"{""type"":""Point"",""coordinates"":[106.652708,10.789944]}",,,
259f1fb6-f43d-43f6-8b40-054e87295d0e,ICTHCM_BENHVIEN,/root/vdms/tangthu/data/gisp/icthcm/customdata/icthcm_benhvien/88254236-931e-4f5f-8860-7c2f3b715167,2023-08-07T02:53:22.000Z,admin,2,2023-08-07T02:53:22.000Z,admin,2,Bệnh viện Thân dân,dataexport_8_7_2023_9_11 am.xlsx,Bệnh viện Thân dân,,,0001-01-01T00:00:00Z,"686 Trần Hưng Đạo, Phường 2, Quận 5",,,"{""type"":""Point"",""coordinates"":[106.678336,10.754633]}",,,
17dc0b1b-cb98-4fe8-b39a-c54ddc77c083,ICTHCM_BENHVIEN,/root/vdms/tangthu/data/gisp/icthcm/customdata/icthcm_benhvien/31749403-99e2-489b-98b4-beb8f99d122b,2023-08-07T02:53:22.000Z,admin,2,2023-08-07T02:53:22.000Z,admin,2,Bệnh viện Chỉnh hình PHCN,dataexport_8_7_2023_9_11 am.xlsx,Bệnh viện Chỉnh hình PHCN,,,0001-01-01T00:00:00Z,"1A Lý Thường Kiệt, Phường 7, Quận Tân Bình",,,"{""type"":""Point"",""coordinates"":[106.653213,10.788225]}",,,
c12ad69a-25a3-49b2-9d72-9da81c11b7f2,ICTHCM_BENHVIEN,/root/vdms/tangthu/data/gisp/icthcm/customdata/icthcm_benhvien/23e3c502-2c5a-40e8-ab3d-e6d0e57ecea8,2023-08-07T02:53:23.000Z,admin,2,2023-08-07T02:53:23.000Z,admin,2,Bệnh viện 30/4,dataexport_8_7_2023_9_11 am.xlsx,Bệnh viện 30/4,,,0001-01-01T00:00:00Z,"Số 9 Sư vạn Hạnh, Phường 9, Quận 5",,,"{""type"":""Point"",""coordinates"":[106.673364,10.759537]}",,,
b419f146-e42b-476d-bbbf-a3c5a6515f8d,ICTHCM_BENHVIEN,/root/vdms/tangthu/data/gisp/icthcm/customdata/icthcm_benhvien/50d91117-4539-4078-9e3d-f2d54c5fc09e,2023-08-07T02:53:23.000Z,admin,2,2023-08-07T02:53:23.000Z,admin,2,Bệnh viện Tân Sơn Nhất,dataexport_8_7_2023_9_11 am.xlsx,Bệnh viện Tân Sơn Nhất,,,0001-01-01T00:00:00Z,"2 Quang Phổ, Phường 2, Quận Tân Bình",,,"{""type"":""Point"",""coordinates"":[106.668021,10.802563]}",,,
c179bba2-bff9-4f2b-98b4-4ce475f7c00b,ICTHCM_BENHVIEN,/root/vdms/tangthu/data/gisp/icthcm/customdata/icthcm_benhvien/06bd2374-7c79-402a-b35e-1df846c71f59,2023-08-07T02:53:26.000Z,admin,2,2023-08-07T02:53:26.000Z,admin,2,Bệnh viện Nguyễn Tri Phương,dataexport_8_7_2023_9_11 am.xlsx,Bệnh viện Nguyễn Tri Phương,,,0001-01-01T00:00:00Z,"468 Nguyễn Trãi, Phường 8, Quận 5",,,"{""type"":""Point"",""coordinates"":[106.67019724845886,10.754779842814585]}",,,
4fd13d62-b139-485a-a9f4-c275a93c12a8,ICTHCM_BENHVIEN,/root/vdms/tangthu/data/gisp/icthcm/customdata/icthcm_benhvien/16d1e4a7-730e-4d16-93fb-13c6d5258851,2023-08-07T02:53:27.000Z,admin,2,2023-08-07T02:53:27.000Z,admin,2,Bệnh viện Nhi Đồng 1,dataexport_8_7_2023_9_11 am.xlsx,Bệnh viện Nhi Đồng 1,,,0001-01-01T00:00:00Z,"341 Sư Vạn Hạnh, Phường 10, Quận 10",,,"{""type"":""Point"",""coordinates"":[106.671192,10.769117]}",,,
f71eab8d-b57f-494f-bbf8-7014b7a49423,ICTHCM_BENHVIEN,/root/vdms/tangthu/data/gisp/icthcm/customdata/icthcm_benhvien/9f6bd5a5-c3d8-4779-9cc5-5261d1d141f1,2023-08-07T02:52:54.000Z,admin,2,2023-08-07T02:52:54.000Z,admin,2,Bệnh viện Phạm Ngọc Thạch,dataexport_8_7_2023_9_11 am.xlsx,Bệnh viện Phạm Ngọc Thạch,,,0001-01-01T00:00:00Z,"120 Hồng Bàng, Phường 12, Quận 5",,,"{""type"":""Point"",""coordinates"":[106.6652110219,10.7561263736441]}",,,
0664bb84-933f-4851-8d7c-a953e943e396,ICTHCM_BENHVIEN,/root/vdms/tangthu/data/gisp/icthcm/customdata/icthcm_benhvien/d84e6662-961c-4fa3-bea0-d85c93015158,2023-08-07T02:52:57.000Z,admin,2,2023-08-07T02:52:57.000Z,admin,2,Bệnh viện An Bình,dataexport_8_7_2023_9_11 am.xlsx,Bệnh viện An Bình,,,0001-01-01T00:00:00Z,"146 An Bình, Phường 7, Quận 5",,,"{""type"":""Point"",""coordinates"":[106.671758,10.75373]}",,,
a16d7ab0-3b0f-4638-964d-be137fa4ee89,ICTHCM_BENHVIEN,/root/vdms/tangthu/data/gisp/icthcm/customdata/icthcm_benhvien/a1474bcb-d82a-4082-bc6b-3ac4e5215ce1,2023-08-07T02:52:58.000Z,admin,2,2023-08-07T02:52:58.000Z,admin,2,Bệnh viện Lê Văn Thịnh,dataexport_8_7_2023_9_11 am.xlsx,Bệnh viện Lê Văn Thịnh,,,0001-01-01T00:00:00Z,"130 Lê Văn Thịnh, Phường Bình Trưng Tây, TP. Thủ Đức",,,"{""type"":""Point"",""coordinates"":[106.769307,10.782525]}",,,
18e69bea-ee9a-432a-ab39-cd9d550b898e,ICTHCM_BENHVIEN,/root/vdms/tangthu/data/gisp/icthcm/customdata/icthcm_benhvien/f20ba9d6-afe0-4a16-87e9-c82acea01883,2023-08-07T02:52:58.000Z,admin,2,2023-08-07T02:52:58.000Z,admin,2,Trung tâm Y tế Quận 5,dataexport_8_7_2023_9_11 am.xlsx,Trung tâm Y tế Quận 5,,,0001-01-01T00:00:00Z,"591A Nguyễn Trãi, Phường 7, Quận 5, TP.Hồ Chí Minh",,,"{""type"":""Point"",""coordinates"":[106.666897,10.754022]}",,,
c793cc7a-a4b0-47b0-adad-1640ba0a2474,ICTHCM_BENHVIEN,/root/vdms/tangthu/data/gisp/icthcm/customdata/icthcm_benhvien/046a4848-2835-4786-907f-dacd030831ad,2023-08-07T02:53:00.000Z,admin,2,2023-08-07T02:53:00.000Z,admin,2,Bệnh viện Quận 1,dataexport_8_7_2023_9_11 am.xlsx,Bệnh viện Quận 1,,,0001-01-01T00:00:00Z,"388 Hai Bà Trưng, Phường Tân Định",,,"{""type"":""Point"",""coordinates"":[106.686612,10.792383]}",,,
afb89303-ff4f-4037-a54a-1585a0acbb12,ICTHCM_BENHVIEN,/root/vdms/tangthu/data/gisp/icthcm/customdata/icthcm_benhvien/891aabd0-b3a4-48eb-901e-ca2f591c3870,2023-08-07T02:53:01.000Z,admin,2,2023-08-07T02:53:01.000Z,admin,2,Bệnh viện Mắt,dataexport_8_7_2023_9_11 am.xlsx,Bệnh viện Mắt,,,0001-01-01T00:00:00Z,"280 Điện Biên Phủ, Phường 7, Quận 3",,,"{""type"":""Point"",""coordinates"":[106.688128,10.780953]}",,,
2a0ad06f-bdb7-4404-9361-df58fee68bb2,ICTHCM_BENHVIEN,/root/vdms/tangthu/data/gisp/icthcm/customdata/icthcm_benhvien/a8ab6bc6-14ab-4016-a97e-27c53de6265f,2023-08-07T02:53:05.000Z,admin,2,2023-08-07T02:53:05.000Z,admin,2,Bệnh viện quận Tân Bình,dataexport_8_7_2023_9_11 am.xlsx,Bệnh viện quận Tân Bình,,,0001-01-01T00:00:00Z,"605 Hoàng Văn Thụ, Phường 4, Quận Tân Bình",,,"{""type"":""Point"",""coordinates"":[106.654997,10.794521]}",,,
64083cdc-d492-4b07-a9c5-6745fc19b6cc,ICTHCM_BENHVIEN,/root/vdms/tangthu/data/gisp/icthcm/customdata/icthcm_benhvien/5fe84435-2180-4a26-b3af-f330ec8ff45b,2023-08-07T02:53:07.000Z,admin,2,2023-08-07T02:53:07.000Z,admin,2,Bệnh viện Đa khoa An Sinh,dataexport_8_7_2023_9_11 am.xlsx,Bệnh viện Đa khoa An Sinh,,,0001-01-01T00:00:00Z,"10 Trần Huy Liệu, Phường 12, Quận Phú Nhuận",,,"{""type"":""Point"",""coordinates"":[106.677861,10.793757]}",,,
f42d5877-29cb-4185-a77f-188d7d795be1,ICTHCM_BENHVIEN,/root/vdms/tangthu/data/gisp/icthcm/customdata/icthcm_benhvien/6ddf267f-4a79-485e-8c45-196fd26ee948,2023-08-07T02:53:11.000Z,admin,2,2023-08-07T02:53:11.000Z,admin,2,Bệnh viện quận Gò Vấp,dataexport_8_7_2023_9_11 am.xlsx,Bệnh viện quận Gò Vấp,,,0001-01-01T00:00:00Z,"212 Lê Đức Thọ, Phường 15, Quận Gò Vấp",,,"{""type"":""Point"",""coordinates"":[106.671403,10.845821]}",,,
8c66879b-2547-43e5-889f-b4ccd35dd660,ICTHCM_BENHVIEN,/root/vdms/tangthu/data/gisp/icthcm/customdata/icthcm_benhvien/996923d7-09e6-4ca5-a1ce-4e504bab5139,2023-08-07T02:53:11.000Z,admin,2,2023-08-07T02:53:11.000Z,admin,2,Bệnh viện Thẩm Mỹ Sài Gòn,dataexport_8_7_2023_9_11 am.xlsx,Bệnh viện Thẩm Mỹ Sài Gòn,,,0001-01-01T00:00:00Z,"97B Nguyễn Du, Phường Bến Thành, Quận 1",,,"{""type"":""Point"",""coordinates"":[106.696741,10.775396]}",,,
2c67aa71-5473-44cc-ab1b-7280bd616b3f,ICTHCM_BENHVIEN,/root/vdms/tangthu/data/gisp/icthcm/customdata/icthcm_benhvien/02a812b9-1220-4c6b-a337-812d6ff28816,2023-08-07T02:53:12.000Z,admin,2,2023-08-07T02:53:12.000Z,admin,2,Bệnh viện Đa khoa Hồng Đức III,dataexport_8_7_2023_9_11 am.xlsx,Bệnh viện Đa khoa Hồng Đức III,,,0001-01-01T00:00:00Z,"32/2 Thống Nhất, phường 10, quận Gò Vấp",,,"{""type"":""Point"",""coordinates"":[106.665262,10.833014]}",,,
b25cf911-d14c-4907-a510-dec18a6a1825,ICTHCM_BENHVIEN,/root/vdms/tangthu/data/gisp/icthcm/customdata/icthcm_benhvien/56806241-938e-4517-a0da-ba2e5d7022a3,2023-08-07T02:53:12.000Z,admin,2,2023-08-07T02:53:12.000Z,admin,2,Bệnh viện Mỹ Đức Phú Nhuận,dataexport_8_7_2023_9_11 am.xlsx,Bệnh viện Mỹ Đức Phú Nhuận,,,0001-01-01T00:00:00Z,"43R/2-4 Hồ Văn Huê, Phường 9, Quận Phú Nhuận",,,"{""type"":""Point"",""coordinates"":[106.676054,10.8023258]}",,,
24847eb4-3abe-4dc9-bde2-66607ff79b16,ICTHCM_BENHVIEN,/root/vdms/tangthu/data/gisp/icthcm/customdata/icthcm_benhvien/ec62bec5-5991-4834-a0a0-823baec318c2,2023-08-07T02:53:12.000Z,admin,2,2023-08-07T02:53:12.000Z,admin,2,Bệnh viện Đa khoa Quốc tế Minh Anh,dataexport_8_7_2023_9_11 am.xlsx,Bệnh viện Đa khoa Quốc tế Minh Anh,,,0001-01-01T00:00:00Z,"36 đường số 1B, Phường Bình Trị Đông, Quận Bình Tân",,,"{""type"":""Point"",""coordinates"":[106.609366,10.748374]}",,,
d258a4a8-5942-409d-98a2-3534f6aae14a,ICTHCM_BENHVIEN,/root/vdms/tangthu/data/gisp/icthcm/customdata/icthcm_benhvien/2481ae13-c5d7-48d3-afcd-6e7f7ed9a647,2023-08-07T02:53:13.000Z,admin,2,2023-08-07T02:53:13.000Z,admin,2,Bệnh viện Xuyên Á,dataexport_8_7_2023_9_11 am.xlsx,Bệnh viện Xuyên Á,,,0001-01-01T00:00:00Z,"42 QL22, ấp Chợ cũ, Huyện Cũ Chi",,,"{""type"":""Point"",""coordinates"":[106.513125,11.086206]}",,,
d7c7214e-b13b-4644-9a88-25971a710c0b,ICTHCM_BENHVIEN,/root/vdms/tangthu/data/gisp/icthcm/customdata/icthcm_benhvien/7c8a5a80-0345-4f4e-a5de-fa8e85552689,2023-08-07T02:53:13.000Z,admin,2,2023-08-07T02:53:13.000Z,admin,2,Bệnh viện Đa khoa Quốc Ánh,dataexport_8_7_2023_9_11 am.xlsx,Bệnh viện Đa khoa Quốc Ánh,,,0001-01-01T00:00:00Z,"104-110 đường 54, KDC Tân Tạo, Quận Bình Tân",,,"{""type"":""Point"",""coordinates"":[106.58721,10.746371]}",,,
80fce793-ed9a-4d37-a18a-45e4e0bbb188,ICTHCM_BENHVIEN,/root/vdms/tangthu/data/gisp/icthcm/customdata/icthcm_benhvien/54b7af56-46e6-4278-8545-db36b33437ea,2023-08-07T02:53:14.000Z,admin,2,2023-08-07T02:53:14.000Z,admin,2,Bệnh viện Đa khoa Quốc tế DNA,dataexport_8_7_2023_9_11 am.xlsx,Bệnh viện Đa khoa Quốc tế DNA,,,0001-01-01T00:00:00Z,"1015 Trần Hưng Đạo, Phường 5, Quận 5",,,"{""type"":""Point"",""coordinates"":[106.675616,10.75368]}",,,
4aa1b957-9a69-4dfd-a957-18a1616b146a,ICTHCM_BENHVIEN,/root/vdms/tangthu/data/gisp/icthcm/customdata/icthcm_benhvien/71042577-ef52-4169-beaa-f6b95aa1f0ad,2023-08-07T02:53:15.000Z,admin,2,2023-08-07T02:53:15.000Z,admin,2,Bệnh viện Đức Khang,dataexport_8_7_2023_9_11 am.xlsx,Bệnh viện Đức Khang,,,0001-01-01T00:00:00Z,"500 Ngô Gia Tự, Phường  9 , Quận 5",,,"{""type"":""Point"",""coordinates"":[106.668454,10.759429]}",,,
4674e301-1b19-473d-8ede-54dcc82e586f,ICTHCM_BENHVIEN,/root/vdms/tangthu/data/gisp/icthcm/customdata/icthcm_benhvien/e83693a9-fd55-4237-84c2-af5e5d6c31f7,2023-08-07T02:53:18.000Z,admin,2,2023-08-07T02:53:18.000Z,admin,2,Bệnh viện Phẫu thuật Thẩm Mỹ Angel,dataexport_8_7_2023_9_11 am.xlsx,Bệnh viện Phẫu thuật Thẩm Mỹ Angel,,,0001-01-01T00:00:00Z,"852 An Dường Vương, Phường 13, Quận 6",,,"{""type"":""Point"",""coordinates"":[106.624327,10.754367]}",,,
7b97ee59-b2fe-4dec-8345-ec7f0cd70983,ICTHCM_BENHVIEN,/root/vdms/tangthu/data/gisp/icthcm/customdata/icthcm_benhvien/ae67be42-44ef-4194-b2ed-f2778bae7c96,2023-08-07T02:53:24.000Z,admin,2,2023-08-07T02:53:24.000Z,admin,2,Bệnh viện Nhi Đồng Thành Phố,dataexport_8_7_2023_9_11 am.xlsx,Bệnh viện Nhi Đồng Thành Phố,,,0001-01-01T00:00:00Z,"15 đường Cao tốc Thành phố Hồ Chí Minh Trung Lương, ấp 1, xã Tân Kiên, huyện Bình Chánh",,,"{""type"":""Point"",""coordinates"":[106.572879,10.709678]}",,,
9c63f816-4926-49e5-a041-6674c2ac300d,ICTHCM_BENHVIEN,/root/vdms/tangthu/data/gisp/icthcm/customdata/icthcm_benhvien/abe7ecb9-616e-47ef-8d38-903f1d1d99ea,2023-08-07T02:53:25.000Z,admin,2,2023-08-07T02:53:25.000Z,admin,2,Bệnh viện STO Phương Đông,dataexport_8_7_2023_9_11 am.xlsx,Bệnh viện STO Phương Đông,,,0001-01-01T00:00:00Z,"79 Thành Thái, Phường 14, Quận 10",,,"{""type"":""Point"",""coordinates"":[106.664774,10.773323]}",,,
b6c3a1bc-40fd-498f-8ec5-a4ecd54920fb,ICTHCM_BENHVIEN,/root/vdms/tangthu/data/gisp/icthcm/customdata/icthcm_benhvien/3fa4abed-dc73-437a-a203-18018c1e90ce,2023-08-07T02:53:26.000Z,admin,2,2023-08-07T02:53:26.000Z,admin,2,Bệnh viện Nhi Đồng 2,dataexport_8_7_2023_9_11 am.xlsx,Bệnh viện Nhi Đồng 2,,,0001-01-01T00:00:00Z,"14 Lý Tự Trọng, Phường Bến Nghé, Quận 1",,,"{""type"":""Point"",""coordinates"":[106.702629,10.779639]}",,,
382cceaa-9263-4ac3-a024-e7885dff1709,ICTHCM_BENHVIEN,/root/vdms/tangthu/data/gisp/icthcm/customdata/icthcm_benhvien/b4586520-797f-492b-88dd-70aec44097ce,2023-08-07T02:53:00.000Z,admin,2,2023-08-07T02:53:00.000Z,admin,2,Bệnh viện quận 6,dataexport_8_7_2023_9_11 am.xlsx,Bệnh viện quận 6,,,0001-01-01T00:00:00Z,"02D Chợ Lớn, Phường 11, Quận 6",,,"{""type"":""Point"",""coordinates"":[106.634664972801,10.7461424294313]}",,,
1ee96fd6-332e-4db4-b79e-07929b03f690,ICTHCM_BENHVIEN,/root/vdms/tangthu/data/gisp/icthcm/customdata/icthcm_benhvien/62b7e671-8ea4-45ca-835c-ea19ce4235be,2023-08-07T02:53:03.000Z,admin,2,2023-08-07T02:53:03.000Z,admin,2,Bệnh viện Quận 11,dataexport_8_7_2023_9_11 am.xlsx,Bệnh viện Quận 11,,,0001-01-01T00:00:00Z,"72 đường số 5, Cư xá Bình Thới, phường 8, Quận 11",,,"{""type"":""Point"",""coordinates"":[106.648318,10.760696]}",,,
12037136-ac0f-45dd-939e-7ecd72451ab6,ICTHCM_BENHVIEN,/root/vdms/tangthu/data/gisp/icthcm/customdata/icthcm_benhvien/c74b561e-fa45-453c-8923-480707966ab5,2023-08-07T02:53:04.000Z,admin,2,2023-08-07T02:53:04.000Z,admin,2,Bệnh viện Bệnh Nhiệt đới,dataexport_8_7_2023_9_11 am.xlsx,Bệnh viện Bệnh Nhiệt đới,,,0001-01-01T00:00:00Z,"764 Võ Văn Kiệt, Phường 1, Quận 5",,,"{""type"":""Point"",""coordinates"":[106.677599,10.752296]}",,,
e8e179ce-6dd9-4a2e-9c61-47f3016708df,ICTHCM_BENHVIEN,/root/vdms/tangthu/data/gisp/icthcm/customdata/icthcm_benhvien/5d15d26e-136d-4f1d-bc83-04a4dc0499fd,2023-08-07T02:53:06.000Z,admin,2,2023-08-07T02:53:06.000Z,admin,2,Bệnh viện chuyên khoa PTTM Ngọc Phú,dataexport_8_7_2023_9_11 am.xlsx,Bệnh viện chuyên khoa PTTM Ngọc Phú,,,0001-01-01T00:00:00Z,"316C Phạm Hùng, Phường 5, Quận 8",,,"{""type"":""Point"",""coordinates"":[106.66924474805,10.7395777867867]}",,,
a1b7342a-a800-4c87-93ed-5559d1b5caf7,ICTHCM_BENHVIEN,/root/vdms/tangthu/data/gisp/icthcm/customdata/icthcm_benhvien/e5ac108e-082f-4c31-9023-8fdf8441ab25,2023-08-07T02:53:11.000Z,admin,2,2023-08-07T02:53:11.000Z,admin,2,Bệnh viện Ngoại Thần kinh Quốc tế,dataexport_8_7_2023_9_11 am.xlsx,Bệnh viện Ngoại Thần kinh Quốc tế,,,0001-01-01T00:00:00Z,"65A Lũy Bán Bích, Phường Tân Thới Hòa, Quận Tân Phú",,,"{""type"":""Point"",""coordinates"":[106.63242,10.761305]}",,,
a9bf8c74-e7a9-4c61-9c94-726bf062c1d4,ICTHCM_BENHVIEN,/root/vdms/tangthu/data/gisp/icthcm/customdata/icthcm_benhvien/477dc8b4-f037-491f-b8c9-5244ab900402,2023-08-07T02:53:14.000Z,admin,2,2023-08-07T02:53:14.000Z,admin,2,Bệnh viện Mắt Việt Hàn,dataexport_8_7_2023_9_11 am.xlsx,Bệnh viện Mắt Việt Hàn,,,0001-01-01T00:00:00Z,"365 Ngô Gia Tự, Phường 3, Quận 10",,,"{""type"":""Point"",""coordinates"":[106.671166,10.762866]}",,,
90fd9113-4890-4636-9bf3-ebecfd427cee,ICTHCM_BENHVIEN,/root/vdms/tangthu/data/gisp/icthcm/customdata/icthcm_benhvien/0ff1af2c-6a55-4da0-a9ba-3b6be0bfbf0d,2023-08-07T02:53:16.000Z,admin,2,2023-08-07T02:53:16.000Z,admin,2,Bệnh viện Thẩm Mỹ Kangnam,dataexport_8_7_2023_9_11 am.xlsx,Bệnh viện Thẩm Mỹ Kangnam,,,0001-01-01T00:00:00Z,"666 Cách Mạng Tháng Tám, Phường 5, Quận Tân Bình",,,"{""type"":""Point"",""coordinates"":[106.664282,10.787198]}",,,
0ddf10cd-fbcc-4881-b0f3-ccad4f61ff65,ICTHCM_BENHVIEN,/root/vdms/tangthu/data/gisp/icthcm/customdata/icthcm_benhvien/4fd9e34a-5ca0-4287-b517-b7cc1b32ff12,2023-08-07T02:53:19.000Z,admin,2,2023-08-07T02:53:19.000Z,admin,2,Bệnh viện Chợ Rẫy,dataexport_8_7_2023_9_11 am.xlsx,Bệnh viện Chợ Rẫy,,,0001-01-01T00:00:00Z,"201B Nguyễn Chí Thanh, Phường 12, Quận 5",,,"{""type"":""Point"",""coordinates"":[106.659449,10.757953]}",,,
bed2985a-3aec-4be9-80c5-89ea55116846,ICTHCM_BENHVIEN,/root/vdms/tangthu/data/gisp/icthcm/customdata/icthcm_benhvien/ca6cd205-63f7-4f95-8711-a53613f7034b,2023-08-07T02:53:19.000Z,admin,2,2023-08-07T02:53:19.000Z,admin,2,Bệnh viện Quân Dân Y Miền Đông,dataexport_8_7_2023_9_11 am.xlsx,Bệnh viện Quân Dân Y Miền Đông,,,0001-01-01T00:00:00Z,"50 Lê Văn Kiệt, Phường Hiệp Phú, TP. Thủ Đức",,,"{""type"":""Point"",""coordinates"":[106.777924,10.846722]}",,,
9893f750-96da-4299-8449-b5cc21a6fddd,ICTHCM_BENHVIEN,/root/vdms/tangthu/data/gisp/icthcm/customdata/icthcm_benhvien/980485bb-aa21-4521-975d-d9d3d456d103,2023-08-07T02:53:21.000Z,admin,2,2023-08-07T02:53:21.000Z,admin,2,Bệnh viện Thẩm mỹ AVA Văn Lang,dataexport_8_7_2023_9_11 am.xlsx,Bệnh viện Thẩm mỹ AVA Văn Lang,,,0001-01-01T00:00:00Z,"238 Võ Văn Tần, Phường 5, Quận 3",,,"{""type"":""Point"",""coordinates"":[106.686535,10.772566]}",,,
5697e4f9-d47f-46a9-9ca8-b941b4c5730b,ICTHCM_BENHVIEN,/root/vdms/tangthu/data/gisp/icthcm/customdata/icthcm_benhvien/4d272079-612e-40e5-afb4-9f9fce3bc0a2,2023-08-07T02:53:21.000Z,admin,2,2023-08-07T02:53:21.000Z,admin,2,Bệnh viện Hoàn Mỹ Thủ Đức,dataexport_8_7_2023_9_11 am.xlsx,Bệnh viện Hoàn Mỹ Thủ Đức,,,0001-01-01T00:00:00Z,"241 Quốc lộ 1 K, Phường Linh Xuân, TP. Thủ Đức",,,"{""type"":""Point"",""coordinates"":[106.774033,10.886965]}",,,
70a0300b-9ee0-43af-8d3b-eef00c5b8115,ICTHCM_BENHVIEN,/root/vdms/tangthu/data/gisp/icthcm/customdata/icthcm_benhvien/c2ab23a7-02b0-4815-9bf3-42f3ff71c663,2023-08-07T02:53:22.000Z,admin,2,2023-08-07T02:53:22.000Z,admin,2,Bệnh viện 175,dataexport_8_7_2023_9_11 am.xlsx,Bệnh viện 175,,,0001-01-01T00:00:00Z,"786 Nguyễn Kiệm, Phường 3, Quận Gò Vấp",,,"{""type"":""Point"",""coordinates"":[106.678864,10.819892]}",,,
130f1ee1-c9ff-456e-bba0-74c6cedbbeb7,ICTHCM_BENHVIEN,/root/vdms/tangthu/data/gisp/icthcm/customdata/icthcm_benhvien/0d81d440-791d-4e30-95da-82584f1bb766,2023-08-07T02:53:23.000Z,admin,2,2023-08-07T02:53:23.000Z,admin,2,Bệnh viện Mắt Cao Thắng,dataexport_8_7_2023_9_11 am.xlsx,Bệnh viện Mắt Cao Thắng,,,0001-01-01T00:00:00Z,"134B Trần Bình Trọng, Phường 2, Quận 5",,,"{""type"":""Point"",""coordinates"":[106.680895,10.757221]}",,,
16dfe96d-5803-4b2f-8826-0e06b93a39fa,ICTHCM_BENHVIEN,/root/vdms/tangthu/data/gisp/icthcm/customdata/icthcm_benhvien/1b82b800-9f88-4554-874d-d93e80e95111,2023-08-07T02:53:24.000Z,admin,2,2023-08-07T02:53:24.000Z,admin,2,Bệnh viện chuyên khoa PTTM Quốc tế Thảo Điền,dataexport_8_7_2023_9_11 am.xlsx,Bệnh viện chuyên khoa PTTM Quốc tế Thảo Điền,,,0001-01-01T00:00:00Z,"95/3 Thảo điền, Phường Thảo Điền, TP. Thủ Đức",,,"{""type"":""Point"",""coordinates"":[106.733474,10.807416]}",,,
9b8edebc-cee7-4896-a2a3-0a0aaa81ed3e,ICTHCM_BENHVIEN,/root/vdms/tangthu/data/gisp/icthcm/customdata/icthcm_benhvien/4ea3c440-a903-427d-9dbf-c714b1757411,2023-08-07T02:53:25.000Z,admin,2,2023-08-07T02:53:25.000Z,admin,2,Bệnh viện đa khoa khu vực Củ Chi,dataexport_8_7_2023_9_11 am.xlsx,Bệnh viện đa khoa khu vực Củ Chi,,,0001-01-01T00:00:00Z,"đường Nguyễn Văn Hoài, Ấp Bàu Tre, Xã Tân An Hội, huyện Củ Chi",,,"{""type"":""Point"",""coordinates"":[106.47736099999997,10.975003]}",,,
843dda76-6418-4735-8be3-a2a3edbaf2c1,ICTHCM_BENHVIEN,/root/vdms/tangthu/data/gisp/icthcm/customdata/icthcm_benhvien/03dcc94d-8893-4d6e-8249-df334c72472b,2023-08-07T02:52:54.000Z,admin,2,2023-08-07T02:52:54.000Z,admin,2,Bệnh viện Trưng Vương,dataexport_8_7_2023_9_11 am.xlsx,Bệnh viện Trưng Vương,,,0001-01-01T00:00:00Z,"266 Lý Thường Kiệt, phường 14, Quận 10",,,"{""type"":""Point"",""coordinates"":[106.658982,10.767687]}",,,
8997b7b0-fad8-4613-a0b6-898eeb049e1c,ICTHCM_BENHVIEN,/root/vdms/tangthu/data/gisp/icthcm/customdata/icthcm_benhvien/5c90e5ab-45b0-4be1-a305-29baeabe1119,2023-08-07T02:52:55.000Z,admin,2,2023-08-07T02:52:55.000Z,admin,2,Bệnh viện Tâm thần TP.HCM,dataexport_8_7_2023_9_11 am.xlsx,Bệnh viện Tâm thần TP.HCM,,,0001-01-01T00:00:00Z,"766 Võ Văn Kiệt, Phường 1, Quận 5",,,"{""type"":""Point"",""coordinates"":[106.678347,10.752358]}",,,
dd40ffb2-2611-4fb8-a019-d2a0cb8d0618,ICTHCM_BENHVIEN,/root/vdms/tangthu/data/gisp/icthcm/customdata/icthcm_benhvien/8da5ac40-5d95-447a-a60e-7a79d4420637,2023-08-07T02:52:57.000Z,admin,2,2023-08-07T02:52:57.000Z,admin,2,Bệnh viện Bình Dân,dataexport_8_7_2023_9_11 am.xlsx,Bệnh viện Bình Dân,,,0001-01-01T00:00:00Z,"371 Điện Biên Phủ, Phường 4, Quận 3",,,"{""type"":""Point"",""coordinates"":[106.681059,10.774321]}",,,
194da479-2064-452f-93d6-682a289ba584,ICTHCM_BENHVIEN,/root/vdms/tangthu/data/gisp/icthcm/customdata/icthcm_benhvien/da578419-3f8f-4861-9781-fdde658c3ff2,2023-08-07T02:52:58.000Z,admin,2,2023-08-07T02:52:58.000Z,admin,2,Trung tâm Y tế Quận 3,dataexport_8_7_2023_9_11 am.xlsx,Trung tâm Y tế Quận 3,,,0001-01-01T00:00:00Z,"116 Trần Quốc Thảo, Phường 14, Quận 3, Thành phố Hồ Chí Minh",,,"{""type"":""Point"",""coordinates"":[106.678199,10.789893]}",,,
3bf8b90c-dde1-4d2b-9a05-c5d2da3b5de8,ICTHCM_BENHVIEN,/root/vdms/tangthu/data/gisp/icthcm/customdata/icthcm_benhvien/f71506d1-2438-4fe3-a8de-abef447c30cd,2023-08-07T02:52:58.000Z,admin,2,2023-08-07T02:52:58.000Z,admin,2,Bệnh viện Da Liễu TP.HCM,dataexport_8_7_2023_9_11 am.xlsx,Bệnh viện Da Liễu TP.HCM,,,0001-01-01T00:00:00Z,"2 Viễn Thông, Phường 6, Quận 3, TP.HCM",,,"{""type"":""Point"",""coordinates"":[106.691221,10.776342]}",,,
24f6e92a-9874-4803-8b1b-b3cdf9c89c87,ICTHCM_BENHVIEN,/root/vdms/tangthu/data/gisp/icthcm/customdata/icthcm_benhvien/c0f4ddbd-3a23-46c5-a5dd-386afe6e675b,2023-08-07T02:52:59.000Z,admin,2,2023-08-07T02:52:59.000Z,admin,2,Bệnh viện Quận 4,dataexport_8_7_2023_9_11 am.xlsx,Bệnh viện Quận 4,,,0001-01-01T00:00:00Z,"63-65 Bến Vân Đồn, Phường 12, Quận 4",,,"{""type"":""Point"",""coordinates"":[106.70205,10.765439]}",,,
d7224790-0546-4cc5-8d8d-b4d8b46e1986,ICTHCM_BENHVIEN,/root/vdms/tangthu/data/gisp/icthcm/customdata/icthcm_benhvien/45671945-f176-4a64-96cb-cdbfa5403234,2023-08-07T02:53:01.000Z,admin,2,2023-08-07T02:53:01.000Z,admin,2,Bệnh viện Quận Phú Nhuận,dataexport_8_7_2023_9_11 am.xlsx,Bệnh viện Quận Phú Nhuận,,,0001-01-01T00:00:00Z,"274 đường Nguyễn Trọng Tuyển, Phường 8, Quận Phú Nhuận",,,"{""type"":""Point"",""coordinates"":[106.671751,10.797949]}",,,
fb065e81-6d97-4ed2-9a1b-66ee3e90b9f7,ICTHCM_BENHVIEN,/root/vdms/tangthu/data/gisp/icthcm/customdata/icthcm_benhvien/91dc2736-cc20-49db-aac4-81fc1459d27f,2023-08-07T02:53:02.000Z,admin,2,2023-08-07T02:53:02.000Z,admin,2,Bệnh viện Thẩm mỹ Kim Hospital,dataexport_8_7_2023_9_11 am.xlsx,Bệnh viện Thẩm mỹ Kim Hospital,,,0001-01-01T00:00:00Z,"31 Nguyễn Đình Chiểu, Phường Đa Kao, Quận 1",,,"{""type"":""Point"",""coordinates"":[106.697602,10.786344]}",,,
6fe1f327-75e3-42d7-9a04-a10285ecead9,ICTHCM_BENHVIEN,/root/vdms/tangthu/data/gisp/icthcm/customdata/icthcm_benhvien/3c65cf0e-ace8-46b0-b222-b31a4a61ae22,2023-08-07T02:53:05.000Z,admin,2,2023-08-07T02:53:05.000Z,admin,2,Bệnh viện Mắt Quốc tế Hoàn Mỹ Sài Gòn,dataexport_8_7_2023_9_11 am.xlsx,Bệnh viện Mắt Quốc tế Hoàn Mỹ Sài Gòn,,,0001-01-01T00:00:00Z,"27 Kỳ Đồng, Phường 9, Quận 3",,,"{""type"":""Point"",""coordinates"":[106.681387,10.781037]}",,,
914c661d-db75-4e1c-9283-f4c64877d33e,ICTHCM_BENHVIEN,/root/vdms/tangthu/data/gisp/icthcm/customdata/icthcm_benhvien/f7546bbb-1b66-414d-b889-a1d0a020be44,2023-08-07T02:53:08.000Z,admin,2,2023-08-07T02:53:08.000Z,admin,2,Bệnh viện FV,dataexport_8_7_2023_9_11 am.xlsx,Bệnh viện FV,,,0001-01-01T00:00:00Z,"06 đường Nguyễn Lương Bằng, phường Tân Phú, Quận 7",,,"{""type"":""Point"",""coordinates"":[106.719142,10.732873]}",,,
b538f327-f3ed-487b-8c9b-79aa979e87d4,ICTHCM_BENHVIEN,/root/vdms/tangthu/data/gisp/icthcm/customdata/icthcm_benhvien/b4116e76-0218-4f99-99ab-79c0b780b570,2023-08-07T02:53:09.000Z,admin,2,2023-08-07T02:53:09.000Z,admin,2,Bệnh viện Quận 12,dataexport_8_7_2023_9_11 am.xlsx,Bệnh viện Quận 12,,,0001-01-01T00:00:00Z,"111 đường TCH 21, phường Tân Chánh Hiệp, Quận 12",,,"{""type"":""Point"",""coordinates"":[106.632933170574,10.8635308252776]}",,,
0592dc5d-834b-43f8-9555-9a8510ece138,ICTHCM_BENHVIEN,/root/vdms/tangthu/data/gisp/icthcm/customdata/icthcm_benhvien/c0c379d0-38fe-4eec-ad7f-cafd716782e1,2023-08-07T02:53:09.000Z,admin,2,2023-08-07T02:53:09.000Z,admin,2,Bệnh viện Phụ Sản MêKông,dataexport_8_7_2023_9_11 am.xlsx,Bệnh viện Phụ Sản MêKông,,,0001-01-01T00:00:00Z,"243A-243B Hoàng Văn Thụ, Phường 1, Quận Bình Tân",,,"{""type"":""Point"",""coordinates"":[106.667293,10.80015]}",,,
0f408d22-7391-49aa-871d-a861ae9a7904,ICTHCM_BENHVIEN,/root/vdms/tangthu/data/gisp/icthcm/customdata/icthcm_benhvien/ce1df9f6-43c6-4d25-957f-c36fc158e97d,2023-08-07T02:53:13.000Z,admin,2,2023-08-07T02:53:13.000Z,admin,2,Bệnh viện CK Thẩm Mỹ Việt Mỹ,dataexport_8_7_2023_9_11 am.xlsx,Bệnh viện CK Thẩm Mỹ Việt Mỹ,,,0001-01-01T00:00:00Z,"331 Nguyễn Trãi, Phường Nguyễn Cư Trinh, Quận 1",,,"{""type"":""Point"",""coordinates"":[106.686354,10.762046]}",,,
620634c4-4c91-4d8b-8fc5-b16a782d4701,ICTHCM_BENHVIEN,/root/vdms/tangthu/data/gisp/icthcm/customdata/icthcm_benhvien/fd0657c1-2354-46b0-ae14-b829ce3b09e2,2023-08-07T02:53:15.000Z,admin,2,2023-08-07T02:53:15.000Z,admin,2,Bệnh viện Đa khoa Quốc Tế Anh Minh,dataexport_8_7_2023_9_11 am.xlsx,Bệnh viện Đa khoa Quốc Tế Anh Minh,,,0001-01-01T00:00:00Z,"15-16 Phan Văn Trị, Phường 5, Quận Gò Vấp",,,"{""type"":""Point"",""coordinates"":[106.690065,10.826219]}",,,
03c1b21b-e3d0-4588-925c-b3fa42a3e085,ICTHCM_BENHVIEN,/root/vdms/tangthu/data/gisp/icthcm/customdata/icthcm_benhvien/27deff3e-c7af-4fde-aba8-d6c7e6e57c0b,2023-08-07T02:53:17.000Z,admin,2,2023-08-07T02:53:17.000Z,admin,2,Bệnh viện Tâm Anh,dataexport_8_7_2023_9_11 am.xlsx,Bệnh viện Tâm Anh,,,0001-01-01T00:00:00Z,"2B Phổ Quang, Phường 2, QuậnTân Bình",,,"{""type"":""Point"",""coordinates"":[106.666972,10.802651]}",,,
11757ee0-06c9-447b-8496-56bdd2b0faa4,ICTHCM_BENHVIEN,/root/vdms/tangthu/data/gisp/icthcm/customdata/icthcm_benhvien/0ff77b34-3282-4bbc-a449-fb65a13d29b9,2023-08-07T02:53:20.000Z,admin,2,2023-08-07T02:53:20.000Z,admin,2,Bệnh viện Phụ Sản Quốc Tế Sài Gòn,dataexport_8_7_2023_9_11 am.xlsx,Bệnh viện Phụ Sản Quốc Tế Sài Gòn,,,0001-01-01T00:00:00Z,"63 Bùi Thị Xuân, Phường Pham Ngũ Lão, Quận 1",,,"{""type"":""Point"",""coordinates"":[106.688524,10.769839]}",,,
42827d88-2409-443c-b934-c51009dc9a1a,ICTHCM_BENHVIEN,/root/vdms/tangthu/data/gisp/icthcm/customdata/icthcm_benhvien/e19b7aa1-61d8-4dd6-87da-6be31f1751fb,2023-08-07T02:52:55.000Z,admin,2,2023-08-07T02:52:55.000Z,admin,2,Bệnh viện Hùng Vương,dataexport_8_7_2023_9_11 am.xlsx,Bệnh viện Hùng Vương,,,0001-01-01T00:00:00Z,"128 Hồng Bàng, Phường 12, Quận 5",,,"{""type"":""Point"",""coordinates"":[106.661825,10.755343]}",,,
4fe93e5b-085a-4c1a-9979-4c4c8b82849c,ICTHCM_BENHVIEN,/root/vdms/tangthu/data/gisp/icthcm/customdata/icthcm_benhvien/8eff1d01-05d8-4f09-a70e-3c6093ccd447,2023-08-07T02:52:56.000Z,admin,2,2023-08-07T02:52:56.000Z,admin,2,Bệnh viện Nhân Ái,dataexport_8_7_2023_9_11 am.xlsx,Bệnh viện Nhân Ái,,,0001-01-01T00:00:00Z,"43 Lam Sơn, Phường 5, Quận Phú Nhuận, TP.HCM",,,"{""type"":""Point"",""coordinates"":[106.688409,10.805483]}",,,
8c394fce-c2be-4d09-9eae-16ce01329f2b,ICTHCM_BENHVIEN,/root/vdms/tangthu/data/gisp/icthcm/customdata/icthcm_benhvien/5d87454d-3033-43e3-a201-9d72197b2c73,2023-08-07T02:52:53.000Z,admin,2,2023-08-07T02:52:53.000Z,admin,2,Bệnh viện đa khoa khu vực Hóc Môn,dataexport_8_7_2023_9_11 am.xlsx,Bệnh viện đa khoa khu vực Hóc Môn,,,0001-01-01T00:00:00Z,"65/2B đường Bà triệu, Thị trấn Hóc Môn, huyện Hóc Môn",,,"{""type"":""Point"",""coordinates"":[106.594111,10.882622]}",,,
96da1258-6b39-4099-afe0-1893f0bc8464,ICTHCM_BENHVIEN,/root/vdms/tangthu/data/gisp/icthcm/customdata/icthcm_benhvien/f4583678-8aed-4052-95e2-133b2f7b16c7,2023-08-07T02:53:27.000Z,admin,2,2023-09-12T03:54:07.000Z,so4t_01,326,Bệnh viện Từ Dũ,dataexport_8_7_2023_9_11 am.xlsx,Bệnh viện Từ Dũ,,,0001-01-01T00:00:00Z,"284 Cống Huỳnh, Phường Phạm Ngũ Lão, Quận 1",,,"{""type"":""Point"",""coordinates"":[106.689536,10.766188]}",,,
